__id__,name,timestamp
0F4hl9bJMlQaoJ9Vv8VNttHMWys1,,1737306653.6910071
0HjMVIWbnENBypXZaHhE1KIyLhW2,,1693388769.607974
0LtcNXR0yLbkSlunAmbKYgvHWem2,,1739280298.731873
0VI3lEToNbf4MEODZyiUEgDTTIo1,"open 
",
1a2IGnemJnbNfkNUgBra5wCH9Bb2,Anastacia ,1741880304.260844
1a7XNhXq6WbmIEksOPP1ldRTXNO2,,1737306694.319933
27KdYfA8gZc2Vpk4eo6mIlH0dZU2,,1738670131.563596
2ykUGhXvunXbrkE4oR1n4f5kbEs2,,
37Vwc0CMINQrDkprUbMUflKNpSl2,,1737306650.190631
3EG8j0BBV3U7HwDNhYaIogJIakt1,Jonathan team,1738191519.623286
3mkxhFspIFaViRwhv5bmky09SsV2,,
4BmIFEO6CJe7ojXxjhoPHWLD4FA2,ZH,1739319202783
4DAs4euIwVTDnakM5HRjsVbUxnk1,Enigmas del Caribe TV ,
5Q5VdSNJBrUhDhkfhKlgXong7d03,sexy aliens,
5dwXcc98ZHd3JdrbowRrlfNeRhA2,Arguspr-Puerto Rico,1752835500685
6CJJlK2g31h4uar9sIgs3RYsvL83,,
6pMPgTCO1wXUwsW7izbI8wPDlr33,,
71cUUJ602Fb1eOBDOPrH8uSuC8y2,,1746865314.19263
75K39CLtBBdt8ElqGWkNZrCL9Te2,,1740777799324
7Qjol1YMg3ePb4NKvtJQ4Cayy132,,1738714278.744592
7bqXiaF2yCT3idXce17PfOnEiqL2,,
7cqWk30WiWYLbvVR1V4OgnLVB893,Learn OnAWhim ,
7k2y1kRBDkNhbxa4RXHVPMfcpGC3,Chasity team,1745448055.481281
86QYhkY038U5N4FNhVpGCtJvv1A3,Jen Snead 's team,1749464735.358488
AGWzItJ16QhvA5rXpFJ1acSYSv63,,1737306906.651963
BOro7jkI6zZi1bC6ZGaG1pnqmsG2,,
BeWDXycfO0buG0zPP81sYraO39A2,Debs Team,1749636079.475853
CGNdBMvpoAU1fTqaNeKKlICmfuJ2,,1737306644.860695
CItpxY9X1raOrrKR6II3dI0YDsE2,,1717725275.862139
CQf5V3FEcFa9YGyY4XTeY71LgYn2,Archangel Michael's team,1748404356292
DGd547nGhbWAwqFstn1Url7vHk72,Janice,1738115537.550648
DfuTbUtpLUUgdHWjnodmvxNHw0O2,,1737306689.405
Dg8Uw6GxUhSVdN3xfYOk2igLVwJ3,Buzzard,1744902617.349237
E6LoAbRB9ecGi7gAwEhSYb13VPE3,,
EH8zhD3cGVVhkkzCVgKecosnZhE2,,1738670126.954443
EQbgOYW8JlNRuqSLv9eW41vmgnJ2,,1702348761.738058
EvroqCIDUMgCUd38xZa9LjEqdeu2,SpiritITC,1737306700.8009791
F5zcUPrHfkNQgv8iGqopEwWjVYr2,,
F9GpdFelKBMoOHGDCqOc6tJ7afx2,,
FVfOFS4UjzUPTKoRrvVkkXoKMZJ2,,1742937375.1571631
FdZ5ebiknROybgnhFsK8ECd5b7H3,,
FecUJ5DLJDNzqG2u74YaycpKqI13,,1696021502.621793
GTkvMys5XMcAHjt54iDS6kUl9x93,,1696004663.231648
Gg7SNerBDUUQwLUNwlMPAVkvyF53,Briarwoodadvc,
H19fOpO7YPMfnUV1cCFxc2MaR9N2,the alien's ðŸ‘½ all knowing ,
HIlosmEXpJhQbvlqfEuu8feVF993,,1736808575.55997
HUpb17FoglaYYr6XrVT1V2l4qjq2,ADKs,
Hd5if4OO5qZUlI1mC8835dX3V7j2,,1738790202.093997
HkSiRxVqOEcLjmyiCTz8c0PBUnj2,,
HqQJ6a8KCySW1Xr50g1FUJekcZQ2,,
I2Y9XxnvevgO2FHZQItXC0aB76n2,,1737306639.435745
IZbKHVTJM9f5zg8rFU10XqSwUV83,,1696001167.559901
KINa3YDjKxOrWC8PaSHZHziQMeh2,Boricuas,
KRZMoTw0iqb5FKZr4gKgdVBSxn82,,1738746872.4232259
KlhRu9jcQkhjMrgNDLn39In5uGg2,LGO UFO,
LckpbCnNM3c3a3AeAbktzF6qyiA3,,
LowiZgjmwmcKRNwlJ3sW2639fc32,,1740777813737
MKvFJJ2Xe7fSBW8vnwxiIHTnO8I2,Michaels team,1738329961.606178
MQnlYA2XyeWKOXj0OgQX2lKNEaf1,,1736776090.820174
MUYsDERdWFaf6Dwt9hIn2PIFYHp1,Extent Of Everything Explained ,
MbJjMdVWypSRZgnrFucv5iu87Es2,tetest,
MkolTRhpHObocenr3Y1bdSJ1gKK2,Viktor's team,1737306674.066503
Msv2luRMRlMAewyQ7jZ0Q1M4uNZ2,Shaq's team,1738847591.9047961
N6wwsNqro9P6B7ZpEYcaLbWev352,,
NwI6gnxJPPhBgD0vVm67IwAGZGJ3,,1737306633.731389
OhJDNSs81pNz2JgqxLgG478LBbl2,upstate NY CE5,1738637230.332738
Ok5k0Senb0cDBQoMKwrDJ0WIOnv1,Denis YNWA,1738670167.848417
PxKsVLAQOlUXo1CwybL3TAlaAJH3,Niranjana-Cologne,
QOpaKcXyqUdJqyhiDEGyVjdRYot2,Gcaps Team,1744152743.4824572
QgWv5EsY41PwNH9dKozfXQzfpU02,"The collective experience relating UAP, UFO and other phenomenon",1739248894702
QydCbvZ6mWRDbHSmLbZCd426SQF2,,1737306709.5544739
S7IFnTcf0XNhzbMn2z7vlO6QBGd2,Alisha,1738670138.168992
SBN41T30lhPk3eSpidtLKGay7cr1,,1737306628.821196
SobiZ5vnaIM7xKny8sURwhfpPTA2,"San Antonio, TX",
SsTn3mSxVAeWmn2h7JB62Ox44vz1,Team Peregrine,1743081921.831872
T877XxeALMNjorP4iPtGk0FIGzy1,,1738670169.299749
Tpuxe04kwgRai0LDnxD4fORdbH33,,
TqRhNroqF5S9ZAo4HmT6G71GIpa2,,
U6p4LnqIKlZSce8eMX1U0cL7Vkz2,,1736430200.2892098
UATPhooiSEPwZZVDbswcVSYOXik2,,1737306625.3020802
Uk1BCvmEh0hTvuvJqwtXhhMblJm2,,
V4hRV5OAFIUBuWVMcTLWJcNW6tQ2,Hightec78 ,
VJguoAu8u1VCbMxrMDI5JVzlYf12,,1740777652078
VL3N4dALUjP4LzeiLrezWkBXyYg2,cat,1749521461.6131039
WJvxNQdowDcVzzVor2JSRtRMvNs1,,
WLi145AtCuZkIrWbYnkl5smLkrm2,,1737306618.017165
WgjLHPQc6fh3QPKRtsrfGzCK0An1,,
WvYm2McxQgNqxArBegvy34sj1bp2,,1736476303.813857
WwHOcbO5UBUzx8LkuSyR82QBn6C3,,
XSOcbNUDAiTAxjcX8vZdnGkVQIT2,Maxwell,1738275034.571137
Xn70iV7o7pNZ8LfBO6quEONYFAF2,,
Y3X3wrf0C4MFo2NmDDwb5nTOFD52,,1699547231.779772
Y5H8UdlchmXEdIQSbhCzzMHRLEF3,,1738670145.862931
YAnKAYlBn4WVod9lljXRaVqtwxJ3,,1737306669.5392041
YYBi5ASAEQaWjA8cVVxe0AMp2dP2,,
ZQPnxsAg9TdDvpeAvpDwA964Te02,United space of existence.,
ZT0D8xk4oMcNJ2hLyAu1EKxhb1H2,,1736808568.6788611
a9tGMjIXk3WxbJe1TddRK56fVRk2,Sacred Heart and Holy Trinity 85301,
aDEQKPERC2PenpzkF5x7Rl9yN4x2,Briarwood ,
aIjK6ZHhY8QJj4LsKhRLxLykPxi2,,1737306684.911344
acKhYwJiShZXCwwYevvGPOtNXHs1,,1746865310.801502
aqNZ4xQ073ewMoDAmC3hzTaTYPD3,Darkhorses,1738670163.550434
bQetJaluBePE3yPMDzgKZpS8x3y1,,1699366450.907967
bhvrI7viP5aSwDA4Ru42GcBKnYO2,,
bm27H6o7xBc3IUCkiMBKrwLXC0X2,Joe,1749429422.241537
bvbNm1GNX7VjUxBwL1MlsjfG0MD3,,1717725648.231566
cFpRwhPUl8Pvg2ynhBclylt6aNd2,The Tribe,
d5Mkln983kVCf7cv5AtO9ET6L2e2,,1738670154.933078
dTahrqEV79hWWSBu6ZAVoPd3OKa2,,
eB65UCAUNLMZu0vbOquQLxlaPdz1,disclosurenow,
eNR1gcPfo4bYzXgobTNsopdIgYF2,Jimbob ,
ebBkEs3o3FPERfzUKHPZbz2rWNz2,,1737306664.880986
ejogItLcviWdwmyte3amn4wISpW2,,1737306613.4234529
ejyCp2y3GXciipLnBLx2LxF0w4g1,,1694709885.132069
fQrRMxD3lSO5jkqEF6kr4sSwv4Q2,Team Mischief and Mayhem. ,1739319236030
fWMTMZDIynb7EpjXzXs1rbFcoln1,,1737306704.866397
fak1c6r2UxZTU3eu8OIf2RsSAVP2,catmom,1739005920.841313
fpA67zknodM446PS4mQe62sOV5h2,,
frTVJQaa1TTodgYcAJpS3ydqzBz2,Evolve,1742937384.1179419
gdZpFo9iUuVkmsmC3pQ85Fe4Cqx1,,1737037861.792643
h4SFQHD0N3en7nQRmPR40IxaxmR2,New Light Paranormal,
hrtjV82LJlf7qzesZQmugNARMAz1,booboo,1737306659.030683
ii83BQ8J4rSe4z7MJ9OxFCddeMy2,Team 7,1737838860.65976
ikSgbm4chWSt6oWYgPjMcCer7uk1,St.post,
izvRB0iBTmYEvvJjUue4sgtWIVy2,,1736808562.519026
jlGDwavuyiO5KNxjqWqHfpO9gdb2,,
kEOTtaGpIueToO7N18U6XZ9Aamj2,u,1745810034.7077088
kYGL6nUPxBQZjnZL7k1zdc8EHci1,,1735700254.6883988
lJmLBvkvDpU323B0ovddRS7Z75R2,,1717725630.912757
ljG6gMXOvCdvOvmVdcfD7QuvOr32,Jo,1749463915.541889
ljYd9qWPPcMRhaGiZFYdwWsi2aF3,,
luF1rnKteXX6G1Ir7ywXNcYsRZp1,,1717724062.798716
lypcfZjlm6dPw4w0x0jZvl0gZ9z2,,
oTY1PS3QBxZYpqVJJ00UP8l3haC2,UncannyCommunity,1738676394.556746
oVf8jDI29OPYOrdFQAQAbWvAqLT2,Bluejay Allience ,1739319242745
p26m9P7GpgVURdSVhlTvFQf1LCz1,NightRider,1737747817.9484339
p7DIXxXa4Yfwa4DoTX44Lzs0fYH3,Russia,1737037858.0672212
pHmFDdClPmY3yel3LvbMSo6oBPa2,,1736776083.547698
pXWTzWVtVwZaKvvnAOCvOWW5wWd2,Frozen Fire UAPs,
peuJVnvybvfgLa3EytHve3yarw72,,1737037864.921695
pi8Ui0jKgFfDomwvxGP9wffGBvm2,sixrockets ,
q6cUBm78XPZeUybJTiv3zmFTsis1,test's Team,1737548383.713743
qBeS72QfT4UGRXDpnsXhbsam3MA2,NotSoLoners,
qNrHEdWB6QXzxc0n14iJs7Z03hK2,Midwest Crew,
qhGT8BrTunZPMlENYCnJt3rnHUi2,,1738747630.4000459
qpp07zGvHENdlX9wmvy5vrFcgH42,test25,
rM6ksvUE27PkOYDO1VyZgX2SURo1,,1736430208.0337281
sNyf5wo9OneH3QPjFVr67pJ4rZV2,,1738844267.822472
tZCK41NFBubCu9XK7AUjeU4P2pw1,"Jacksonville, FL",
uNr9ros6aHPSVd5d14FACfqVNka2,"uap 
",
ufPuYWKjO6VyOhKNQEiNFMv9JKl2,Missy's team,1749495075.4234362
uoNG0mUycnPMC1CeNr57jOSiOkO2,,1737306681.371
vOlgnjziOThwRCmfLa5awLpS6uE2,,1737306608.918158
vv2WpKQZ79Ry0S7mMfV4NFbnTIx2,,
whsN1Fm3zcffKEod8UivAONdBYo2,kiki,
x8HnRBmKeDbwPyk8nPwi6QwjklD3,Amos '33,1738670140.305025
xDjE2m78sRP0yJcK1UOeEnYXD5H3,,1736912461.679613
xGqreuveZYOon775I4vWf97JQpg2,,1696015155.4449592
xXhRr4KQbbgkkF36UWQYOqMvGe13,,1736672256.7292418
xjxnub0ZQnXSsoosvPmoDxlQXQQ2,,1738670129.072346
yD72FG28YQekbNtuDX8M4PdH16L2,,1683216116.806898
yViuGgvAIxMaJH1z5bYseu8OLba2,EMMYMONNEY ,
zTdU8PhTUTeAwuPP3r9cPwUkMtp2,Polina's team,1737037870.5008302
zYTWjc7IndgMDI2UNJAlRpjTEVI3,SecurikTeam13,
